,Brightness Level (%),Battery Health (%),Device Temperature (°C),CPU Utilization (%),Memory Usage (% RAM),Battery Life (minutes)
count,100.0,100.0,100.0,100.0,100.0,100.0
mean,62.02,92.63,44.071,51.5,54.62,358.15
std,23.888199191359327,4.869312273843404,5.570671667607312,22.269469974143817,17.10146783232954,157.55270883296822
min,20.0,85.0,35.2,11.0,25.0,128.0
25%,40.75,88.0,39.425,33.5,40.0,228.0
50%,62.5,93.0,42.849999999999994,55.0,55.5,326.5
75%,84.0,97.0,49.0,67.25,71.25,490.75
max,100.0,100.0,54.9,90.0,80.0,659.0
