Feature,Coefficient
Brightness Level (%),1.1387472357489221
Battery Health (%),-0.7789479725023902
Device Temperature (°C),0.17371214452739744
CPU Utilization (%),-2.021046383885652
Memory Usage (% RAM),0.5973817099478061
Task Type_Gaming,-23.618216290011066
Task Type_Idle,-11.233935812325946
Task Type_Streaming,-38.0263337530848
Task Type_Video Editing,-9.735000821747532
