,CPU Utilization Summary,Temperature Summary,Memory Usage Summary
count,2.0,2.0,2.0
mean,52.5,47.7,46.5
std,10.606601717798213,2.8284271247461903,0.7071067811865476
min,45.0,45.7,46.0
25%,48.75,46.7,46.25
50%,52.5,47.7,46.5
75%,56.25,48.7,46.75
max,60.0,49.7,47.0
